-ity	en/_/-/-ity.1818.wikitext
A	en/latin/a/A.66.wikitext
A 1	en/latin/a/A 1.236.wikitext
AA	en/latin/a/AA.2181.wikitext
AD	en/latin/a/AD.1707.wikitext
AFAIK	en/latin/a/AFAIK.2078.wikitext
AIDS	en/latin/a/AIDS.2342.wikitext
AL	en/latin/a/AL.2050.wikitext
ALPAC	en/latin/a/ALPAC.1711.wikitext
AM	en/latin/a/AM.2164.wikitext
AMPS	en/latin/a/AMPS.2242.wikitext
ASAP	en/latin/a/ASAP.1759.wikitext
ASCII	en/latin/a/ASCII.1587.wikitext
Aaron's rod	en/latin/a/Aaron's rod.241.wikitext
Aaronic	en/latin/a/Aaronic.240.wikitext
Abaddon	en/latin/a/Abaddon.258.wikitext
Abderian	en/latin/a/Abderian.318.wikitext
Abderite	en/latin/a/Abderite.319.wikitext
Abib	en/latin/a/Abib.383.wikitext
Abies	en/latin/a/Abies.389.wikitext
Aborigine	en/latin/a/Aborigine.2177.wikitext
Abraham man	en/latin/a/Abraham man.544.wikitext
Abrahamic	en/latin/a/Abrahamic.542.wikitext
Abrahamitic	en/latin/a/Abrahamitic.543.wikitext
Abutilon	en/latin/a/Abutilon.1128.wikitext
Abyssinian	en/latin/a/Abyssinian.1139.wikitext
Acadian	en/latin/a/Acadian.1153.wikitext
Acalephae	en/latin/a/Acalephae.1156.wikitext
Acanthocephala	en/latin/a/Acanthocephala.1164.wikitext
Acanthopterygii	en/latin/a/Acanthopterygii.1171.wikitext
Acarina	en/latin/a/Acarina.1177.wikitext
Accadian	en/latin/a/Accadian.1192.wikitext
Achean	en/latin/a/Achean.1466.wikitext
Achilles tendon	en/latin/a/Achilles tendon.1599.wikitext
Afghanistan	en/latin/a/Afghanistan.2295.wikitext
Albania	en/latin/a/Albania.2297.wikitext
Algeria	en/latin/a/Algeria.2123.wikitext
Andorra	en/latin/a/Andorra.2294.wikitext
Angola	en/latin/a/Angola.2299.wikitext
Anguilla	en/latin/a/Anguilla.2948.wikitext
Antigua and Barbuda	en/latin/a/Antigua and Barbuda.2296.wikitext
April	en/latin/a/April.113.wikitext
Argentina	en/latin/a/Argentina.2300.wikitext
Armenia	en/latin/a/Armenia.2298.wikitext
Aruba	en/latin/a/Aruba.2951.wikitext
Asian	en/latin/a/Asian.2261.wikitext
Australia	en/latin/a/Australia.2950.wikitext
Austria	en/latin/a/Austria.2130.wikitext
Azerbaijan	en/latin/a/Azerbaijan.2301.wikitext
BBC	en/latin/b/BBC.2056.wikitext
BC	en/latin/b/BC.1792.wikitext
BCE	en/latin/b/BCE.1791.wikitext
BM	en/latin/b/BM.2049.wikitext
BSS	en/latin/b/BSS.2279.wikitext
BTW	en/latin/b/BTW.1897.wikitext
Bahamas	en/latin/b/Bahamas.2310.wikitext
Bahrain	en/latin/b/Bahrain.2305.wikitext
Bangladesh	en/latin/b/Bangladesh.2302.wikitext
Barbados	en/latin/b/Barbados.2953.wikitext
Belarus	en/latin/b/Belarus.2957.wikitext
Belgium	en/latin/b/Belgium.2096.wikitext
Belize	en/latin/b/Belize.2314.wikitext
Benin	en/latin/b/Benin.2955.wikitext
Bhutan	en/latin/b/Bhutan.2312.wikitext
Bolivia	en/latin/b/Bolivia.2307.wikitext
Bosnia and Herzegovina	en/latin/b/Bosnia and Herzegovina.2952.wikitext
Botswana	en/latin/b/Botswana.2313.wikitext
Brasil	en/latin/b/Brasil.2675.wikitext
Brazil	en/latin/b/Brazil.2308.wikitext
Brunei	en/latin/b/Brunei.2956.wikitext
Buckley's chance	en/latin/b/Buckley's chance.1709.wikitext
Bulgaria	en/latin/b/Bulgaria.2303.wikitext
Burkina Faso	en/latin/b/Burkina Faso.2954.wikitext
Burundi	en/latin/b/Burundi.2306.wikitext
CBE	en/latin/c/CBE.1698.wikitext
CDMA	en/latin/c/CDMA.2241.wikitext
CE	en/latin/c/CE.1793.wikitext
CEPT	en/latin/c/CEPT.2248.wikitext
CIA	en/latin/c/CIA.1703.wikitext
CLL	en/latin/c/CLL.2290.wikitext
Cambodia	en/latin/c/Cambodia.2362.wikitext
Cameroon	en/latin/c/Cameroon.2318.wikitext
Canada	en/latin/c/Canada.2315.wikitext
Cape Verde	en/latin/c/Cape Verde.2322.wikitext
Carborundum	en/latin/c/Carborundum.1938.wikitext
Carpatho-Rusyn	en/latin/c/Carpatho-Rusyn.1686.wikitext
Chad	en/latin/c/Chad.2756.wikitext
Chile	en/latin/c/Chile.2317.wikitext
China	en/latin/c/China.2319.wikitext
Colombia	en/latin/c/Colombia.2320.wikitext
Comoros	en/latin/c/Comoros.2364.wikitext
Cuba	en/latin/c/Cuba.2321.wikitext
Cyprus	en/latin/c/Cyprus.2323.wikitext
Czech Republic	en/latin/c/Czech Republic.2104.wikitext
DBE	en/latin/d/DBE.1699.wikitext
DOD	en/latin/d/DOD.2048.wikitext
DOS	en/latin/d/DOS.2057.wikitext
DVD	en/latin/d/DVD.2063.wikitext
December	en/latin/d/December.95.wikitext
Denmark	en/latin/d/Denmark.2325.wikitext
Dezember	en/latin/d/Dezember.1782.wikitext
Djibouti	en/latin/d/Djibouti.2324.wikitext
Dominican Republic	en/latin/d/Dominican Republic.2326.wikitext
Dutch	en/latin/d/Dutch.2023.wikitext
EAN	en/latin/e/EAN.2259.wikitext
EBITA	en/latin/e/EBITA.1558.wikitext
EBITDA	en/latin/e/EBITDA.1751.wikitext
EFTA	en/latin/e/EFTA.1895.wikitext
ETSI	en/latin/e/ETSI.2250.wikitext
EU	en/latin/e/EU.2058.wikitext
Ecuador	en/latin/e/Ecuador.2337.wikitext
Edward	en/latin/e/Edward.1856.wikitext
Egypt	en/latin/e/Egypt.2126.wikitext
El Salvador	en/latin/e/El Salvador.2753.wikitext
English	en/latin/e/English.673.wikitext
Equatorial Guinea	en/latin/e/Equatorial Guinea.2349.wikitext
Esperanto	en/latin/e/Esperanto.1920.wikitext
Estonia	en/latin/e/Estonia.2116.wikitext
Ethiopia	en/latin/e/Ethiopia.2339.wikitext
European	en/latin/e/European.2114.wikitext
European Central Bank	en/latin/e/European Central Bank.2115.wikitext
Eurovision	en/latin/e/Eurovision.2090.wikitext
FAC	en/latin/f/FAC.1773.wikitext
FAQ	en/latin/f/FAQ.1671.wikitext
FBI	en/latin/f/FBI.1708.wikitext
FDMA	en/latin/f/FDMA.2282.wikitext
FSK	en/latin/f/FSK.2285.wikitext
FTP	en/latin/f/FTP.1672.wikitext
Fabian	en/latin/f/Fabian.233.wikitext
Fanny	en/latin/f/Fanny.1554.wikitext
February	en/latin/f/February.111.wikitext
Finland	en/latin/f/Finland.2121.wikitext
France	en/latin/f/France.2105.wikitext
Frankenstein complex	en/latin/f/Frankenstein complex.1656.wikitext
French	en/latin/f/French.2712.wikitext
French Polynesia	en/latin/f/French Polynesia.2739.wikitext
Friday	en/latin/f/Friday.136.wikitext
GDP	en/latin/g/GDP.51.wikitext
GNU FDL	en/latin/g/GNU FDL.81.wikitext
GSM	en/latin/g/GSM.2249.wikitext
GUI	en/latin/g/GUI.1704.wikitext
Gabon	en/latin/g/Gabon.2344.wikitext
Gambia	en/latin/g/Gambia.2346.wikitext
German	en/latin/g/German.1663.wikitext
Germany	en/latin/g/Germany.2103.wikitext
Ghana	en/latin/g/Ghana.2345.wikitext
Greece	en/latin/g/Greece.2097.wikitext
Greek	en/latin/g/Greek.2920.wikitext
Greenland	en/latin/g/Greenland.2135.wikitext
Guatemala	en/latin/g/Guatemala.2350.wikitext
Guyana	en/latin/g/Guyana.2351.wikitext
HTML	en/latin/h/HTML.2060.wikitext
Haiti	en/latin/h/Haiti.2353.wikitext
Haus	en/latin/h/Haus.1512.wikitext
Honduras	en/latin/h/Honduras.2352.wikitext
Hungary	en/latin/h/Hungary.2354.wikitext
I love you	en/latin/i/I love you.1747.wikitext
IME	en/latin/i/IME.2080.wikitext
IMEI	en/latin/i/IMEI.2256.wikitext
IMSI	en/latin/i/IMSI.2257.wikitext
IRC	en/latin/i/IRC.1744.wikitext
ISBN	en/latin/i/ISBN.1896.wikitext
ISDN	en/latin/i/ISDN.2254.wikitext
Iceland	en/latin/i/Iceland.2131.wikitext
India	en/latin/i/India.2357.wikitext
Indonesia	en/latin/i/Indonesia.2355.wikitext
Interlingua	en/latin/i/Interlingua.2797.wikitext
Internet	en/latin/i/Internet.671103.wikitext
Iran	en/latin/i/Iran.2358.wikitext
Iraq	en/latin/i/Iraq.2089.wikitext
Ireland	en/latin/i/Ireland.2356.wikitext
Irish	en/latin/i/Irish.1732.wikitext
Israel	en/latin/i/Israel.2109.wikitext
Italy	en/latin/i/Italy.2359.wikitext
JUL	en/latin/j/JUL.1889.wikitext
Jamaica	en/latin/j/Jamaica.2360.wikitext
January	en/latin/j/January.110.wikitext
Japan	en/latin/j/Japan.1742.wikitext
July	en/latin/j/July.116.wikitext
June	en/latin/j/June.115.wikitext
KBE	en/latin/k/KBE.1700.wikitext
KGB	en/latin/k/KGB.1713.wikitext
Kenya	en/latin/k/Kenya.2361.wikitext
Kiribati	en/latin/k/Kiribati.2363.wikitext
Kuwait	en/latin/k/Kuwait.2642.wikitext
LDP	en/latin/l/LDP.1589.wikitext
LED	en/latin/l/LED.2062.wikitext
LOL	en/latin/l/LOL.2847.wikitext
Laos	en/latin/l/Laos.2643.wikitext
Latvia	en/latin/l/Latvia.2117.wikitext
Lebanon	en/latin/l/Lebanon.2644.wikitext
Lemko	en/latin/l/Lemko.1685.wikitext
Lethean	en/latin/l/Lethean.1815.wikitext
Liberia	en/latin/l/Liberia.2646.wikitext
Libya	en/latin/l/Libya.2125.wikitext
Liechtenstein	en/latin/l/Liechtenstein.2645.wikitext
Lithuania	en/latin/l/Lithuania.2118.wikitext
Luxembourg	en/latin/l/Luxembourg.2647.wikitext
MBE	en/latin/m/MBE.1701.wikitext
METT-TC	en/latin/m/METT-TC.477245.wikitext
MITI	en/latin/m/MITI.2784.wikitext
Macaddict	en/latin/m/Macaddict.2212.wikitext
Madagascar	en/latin/m/Madagascar.2649.wikitext
Malawi	en/latin/m/Malawi.2657.wikitext
Malaysia	en/latin/m/Malaysia.2132.wikitext
Maldives	en/latin/m/Maldives.2656.wikitext
Mali	en/latin/m/Mali.2651.wikitext
Malta	en/latin/m/Malta.2654.wikitext
Marshall Islands	en/latin/m/Marshall Islands.2650.wikitext
Mauritania	en/latin/m/Mauritania.2653.wikitext
Mauritius	en/latin/m/Mauritius.2655.wikitext
Mexican	en/latin/m/Mexican.2195.wikitext
Mexico	en/latin/m/Mexico.1673.wikitext
Monaco	en/latin/m/Monaco.2648.wikitext
Monday	en/latin/m/Monday.132.wikitext
Mongolia	en/latin/m/Mongolia.2652.wikitext
Morocco	en/latin/m/Morocco.2122.wikitext
Mozambique	en/latin/m/Mozambique.2658.wikitext
México	en/latin/m/México.2674.wikitext
NAFTA	en/latin/n/NAFTA.1646.wikitext
NASA	en/latin/n/NASA.1890.wikitext
NATO	en/latin/n/NATO.2036.wikitext
NAVO	en/latin/n/NAVO.2042.wikitext
Namibia	en/latin/n/Namibia.2659.wikitext
Nauru	en/latin/n/Nauru.2735.wikitext
Nepal	en/latin/n/Nepal.2734.wikitext
Netherlands	en/latin/n/Netherlands.2027.wikitext
Netherlands Antilles	en/latin/n/Netherlands Antilles.2949.wikitext
New Zealand	en/latin/n/New Zealand.2106.wikitext
Nicaragua	en/latin/n/Nicaragua.2662.wikitext
Niger	en/latin/n/Niger.2660.wikitext
Nigeria	en/latin/n/Nigeria.2661.wikitext
Norway	en/latin/n/Norway.2119.wikitext
November	en/latin/n/November.120.wikitext
OBE	en/latin/o/OBE.1702.wikitext
OCR	en/latin/o/OCR.1758.wikitext
OMC	en/latin/o/OMC.2192.wikitext
OS	en/latin/o/OS.1706.wikitext
October	en/latin/o/October.119.wikitext
Oman	en/latin/o/Oman.2736.wikitext
PCS	en/latin/p/PCS.2288.wikitext
PM	en/latin/p/PM.1676.wikitext
POSSLQ	en/latin/p/POSSLQ.2044.wikitext
PSTN	en/latin/p/PSTN.2253.wikitext
PVA	en/latin/p/PVA.2035.wikitext
Pakistan	en/latin/p/Pakistan.2741.wikitext
Panama	en/latin/p/Panama.2737.wikitext
Papua New Guinea	en/latin/p/Papua New Guinea.2740.wikitext
Paraguay	en/latin/p/Paraguay.2743.wikitext
Parthenos	en/latin/p/Parthenos.511868.wikitext
Peru	en/latin/p/Peru.2738.wikitext
Philippines	en/latin/p/Philippines.2133.wikitext
Poland	en/latin/p/Poland.2128.wikitext
Polish	en/latin/p/Polish.1559.wikitext
Pope Julius	en/latin/p/Pope Julius.78.wikitext
Portugal	en/latin/p/Portugal.2742.wikitext
Portuguese	en/latin/p/Portuguese.2850.wikitext
Pythonesque	en/latin/p/Pythonesque.2111.wikitext
Qatar	en/latin/q/Qatar.2744.wikitext
Question Time	en/latin/q/Question Time.2865681.wikitext
RAM	en/latin/r/RAM.2028.wikitext
ROI	en/latin/r/ROI.2274.wikitext
RPE-LPC	en/latin/r/RPE-LPC.2284.wikitext
RTFM	en/latin/r/RTFM.1901.wikitext
Roman numeral	en/latin/r/Roman numeral.1723.wikitext
Roman numerals	en/latin/r/Roman numerals.2014.wikitext
Romania	en/latin/r/Romania.2745.wikitext
Rwanda	en/latin/r/Rwanda.2746.wikitext
SHCP	en/latin/s/SHCP.1561.wikitext
SIM	en/latin/s/SIM.2252.wikitext
SMS	en/latin/s/SMS.2244.wikitext
San Marino	en/latin/s/San Marino.2751.wikitext
Saturday	en/latin/s/Saturday.137.wikitext
Senegal	en/latin/s/Senegal.2752.wikitext
September	en/latin/s/September.118.wikitext
Serbia and Montenegro	en/latin/s/Serbia and Montenegro.2099.wikitext
Simplified Chinese	en/latin/s/Simplified Chinese.607.wikitext
Singapore	en/latin/s/Singapore.2748.wikitext
Slovakia	en/latin/s/Slovakia.2750.wikitext
Slovenia	en/latin/s/Slovenia.2749.wikitext
Solomon Islands	en/latin/s/Solomon Islands.2134.wikitext
South Africa	en/latin/s/South Africa.2127.wikitext
SpA	en/latin/s/SpA.2066.wikitext
Spain	en/latin/s/Spain.2338.wikitext
Spanish	en/latin/s/Spanish.2807.wikitext
Sudan	en/latin/s/Sudan.2747.wikitext
Sunday	en/latin/s/Sunday.138.wikitext
Swaziland	en/latin/s/Swaziland.2755.wikitext
Sweden	en/latin/s/Sweden.2120.wikitext
Switzerland	en/latin/s/Switzerland.2316.wikitext
Syria	en/latin/s/Syria.2754.wikitext
TACS	en/latin/t/TACS.2243.wikitext
TDMA	en/latin/t/TDMA.2236.wikitext
TLCAN	en/latin/t/TLCAN.1645.wikitext
Tagliacotian	en/latin/t/Tagliacotian.1664.wikitext
Tanzania	en/latin/t/Tanzania.2762.wikitext
Thailand	en/latin/t/Thailand.2758.wikitext
Thanatos	en/latin/t/Thanatos.1814.wikitext
The Bahamas	en/latin/t/The Bahamas.2772.wikitext
The Gambia	en/latin/t/The Gambia.2347.wikitext
The Netherlands	en/latin/t/The Netherlands.2110.wikitext
Thursday	en/latin/t/Thursday.135.wikitext
Togo	en/latin/t/Togo.2757.wikitext
Tonga	en/latin/t/Tonga.2759.wikitext
Traditional Chinese	en/latin/t/Traditional Chinese.606.wikitext
Trekkie	en/latin/t/Trekkie.1641.wikitext
Trinidad and Tobago	en/latin/t/Trinidad and Tobago.2761.wikitext
Trucial States	en/latin/t/Trucial States.2304.wikitext
Tuesday	en/latin/t/Tuesday.133.wikitext
Tunisia	en/latin/t/Tunisia.2124.wikitext
Turkmenistan	en/latin/t/Turkmenistan.2962.wikitext
Tuvalu	en/latin/t/Tuvalu.2960.wikitext
UFO	en/latin/u/UFO.2927.wikitext
UPC	en/latin/u/UPC.2263.wikitext
URSS	en/latin/u/URSS.2899.wikitext
USSR	en/latin/u/USSR.2037.wikitext
UdSSR	en/latin/u/UdSSR.2061.wikitext
Uganda	en/latin/u/Uganda.2764.wikitext
Uhr	en/latin/u/Uhr.2179.wikitext
Ukraine	en/latin/u/Ukraine.2763.wikitext
United Arab Emirates	en/latin/u/United Arab Emirates.2100.wikitext
United Kingdom	en/latin/u/United Kingdom.2101.wikitext
United States	en/latin/u/United States.2765.wikitext
United States of America	en/latin/u/United States of America.2102.wikitext
Uruguay	en/latin/u/Uruguay.2766.wikitext
Uzbekistan	en/latin/u/Uzbekistan.2959.wikitext
Vanuatu	en/latin/v/Vanuatu.2958.wikitext
Venezuela	en/latin/v/Venezuela.2767.wikitext
Vietnam	en/latin/v/Vietnam.2768.wikitext
Vikipedio	en/latin/v/Vikipedio.102.wikitext
WYSIWYG	en/latin/w/WYSIWYG.2926.wikitext
Wednesday	en/latin/w/Wednesday.134.wikitext
Wikipedia	en/latin/w/Wikipedia.671107.wikitext
Wiktionary	en/latin/w/Wiktionary.2234592.wikitext
World Exposition	en/latin/w/World Exposition.1926.wikitext
XXXX	en/latin/x/XXXX.2925.wikitext
YHA	en/latin/y/YHA.2291.wikitext
YMCA	en/latin/y/YMCA.1705.wikitext
YMHA	en/latin/y/YMHA.2031.wikitext
YWCA	en/latin/y/YWCA.2029.wikitext
YWHA	en/latin/y/YWHA.2030.wikitext
Yemen	en/latin/y/Yemen.2769.wikitext
Yugoslavia	en/latin/y/Yugoslavia.2108.wikitext
Zambia	en/latin/z/Zambia.2770.wikitext
Zimbabwe	en/latin/z/Zimbabwe.2771.wikitext
a-	en/latin/a/a-.235.wikitext
aam	en/latin/a/aam.237.wikitext
aard-vark	en/latin/a/aard-vark.242.wikitext
aardvark	en/latin/a/aardvark.238.wikitext
aardwolf	en/latin/a/aardwolf.239.wikitext
ab	en/latin/a/ab.245.wikitext
ab-	en/latin/a/ab-.243.wikitext
abaca	en/latin/a/abaca.246.wikitext
abacinate	en/latin/a/abacinate.247.wikitext
abacination	en/latin/a/abacination.248.wikitext
abaciscus	en/latin/a/abaciscus.249.wikitext
abacist	en/latin/a/abacist.250.wikitext
aback	en/latin/a/aback.251.wikitext
abactinal	en/latin/a/abactinal.252.wikitext
abaction	en/latin/a/abaction.253.wikitext
abactor	en/latin/a/abactor.254.wikitext
abaculus	en/latin/a/abaculus.255.wikitext
abacus	en/latin/a/abacus.256.wikitext
abada	en/latin/a/abada.257.wikitext
abaft	en/latin/a/abaft.259.wikitext
abaisance	en/latin/a/abaisance.260.wikitext
abaiser	en/latin/a/abaiser.261.wikitext
abaist	en/latin/a/abaist.262.wikitext
abalienate	en/latin/a/abalienate.263.wikitext
abalienation	en/latin/a/abalienation.264.wikitext
abalone	en/latin/a/abalone.265.wikitext
aband	en/latin/a/aband.266.wikitext
abandon	en/latin/a/abandon.267.wikitext
abandoned	en/latin/a/abandoned.268.wikitext
abandonedly	en/latin/a/abandonedly.269.wikitext
abandonee	en/latin/a/abandonee.270.wikitext
abandoner	en/latin/a/abandoner.271.wikitext
abandonment	en/latin/a/abandonment.272.wikitext
abandum	en/latin/a/abandum.273.wikitext
abanet	en/latin/a/abanet.843658.wikitext
abannation	en/latin/a/abannation.276.wikitext
abarticulation	en/latin/a/abarticulation.277.wikitext
abase	en/latin/a/abase.278.wikitext
abased	en/latin/a/abased.279.wikitext
abasedly	en/latin/a/abasedly.280.wikitext
abasement	en/latin/a/abasement.281.wikitext
abaser	en/latin/a/abaser.282.wikitext
abash	en/latin/a/abash.283.wikitext
abashed	en/latin/a/abashed.643.wikitext
abashedly	en/latin/a/abashedly.284.wikitext
abashment	en/latin/a/abashment.285.wikitext
abassi	en/latin/a/abassi.286.wikitext
abatable	en/latin/a/abatable.287.wikitext
abate	en/latin/a/abate.288.wikitext
abatement	en/latin/a/abatement.289.wikitext
abater	en/latin/a/abater.290.wikitext
abatis	en/latin/a/abatis.291.wikitext
abatised	en/latin/a/abatised.292.wikitext
abator	en/latin/a/abator.293.wikitext
abattoir	en/latin/a/abattoir.294.wikitext
abature	en/latin/a/abature.295.wikitext
abatvoix	en/latin/a/abatvoix.296.wikitext
abawed	en/latin/a/abawed.297.wikitext
abaxial	en/latin/a/abaxial.298.wikitext
abay	en/latin/a/abay.299.wikitext
abb	en/latin/a/abb.300.wikitext
abb wool	en/latin/a/abb wool.316.wikitext
abba	en/latin/a/abba.301.wikitext
abbacy	en/latin/a/abbacy.302.wikitext
abbatial	en/latin/a/abbatial.303.wikitext
abbatical	en/latin/a/abbatical.304.wikitext
abbess	en/latin/a/abbess.306.wikitext
abbey	en/latin/a/abbey.307.wikitext
abbot	en/latin/a/abbot.308.wikitext
abbotship	en/latin/a/abbotship.309.wikitext
abbreviate	en/latin/a/abbreviate.310.wikitext
abbreviated	en/latin/a/abbreviated.311.wikitext
abbreviation	en/latin/a/abbreviation.312.wikitext
abbreviator	en/latin/a/abbreviator.313.wikitext
abbreviatory	en/latin/a/abbreviatory.314.wikitext
abbreviature	en/latin/a/abbreviature.315.wikitext
abdal	en/latin/a/abdal.317.wikitext
abdest	en/latin/a/abdest.320.wikitext
abdicable	en/latin/a/abdicable.321.wikitext
abdicant	en/latin/a/abdicant.322.wikitext
abdicate	en/latin/a/abdicate.323.wikitext
abdication	en/latin/a/abdication.324.wikitext
abdicative	en/latin/a/abdicative.325.wikitext
abdicator	en/latin/a/abdicator.326.wikitext
abditive	en/latin/a/abditive.327.wikitext
abditory	en/latin/a/abditory.328.wikitext
abdomen	en/latin/a/abdomen.329.wikitext
abdominal	en/latin/a/abdominal.330.wikitext
abdominales	en/latin/a/abdominales.331.wikitext
abdominalia	en/latin/a/abdominalia.332.wikitext
abdominoscopy	en/latin/a/abdominoscopy.333.wikitext
abdominothoracic	en/latin/a/abdominothoracic.334.wikitext
abdominous	en/latin/a/abdominous.335.wikitext
abduce	en/latin/a/abduce.336.wikitext
abduct	en/latin/a/abduct.337.wikitext
abduction	en/latin/a/abduction.338.wikitext
abductor	en/latin/a/abductor.339.wikitext
abeam	en/latin/a/abeam.340.wikitext
abear	en/latin/a/abear.341.wikitext
abearance	en/latin/a/abearance.342.wikitext
abearing	en/latin/a/abearing.343.wikitext
abecedarian	en/latin/a/abecedarian.344.wikitext
abecedary	en/latin/a/abecedary.345.wikitext
abed	en/latin/a/abed.346.wikitext
abegge	en/latin/a/abegge.347.wikitext
abele	en/latin/a/abele.348.wikitext
abelian	en/latin/a/abelian.349.wikitext
abelmosk	en/latin/a/abelmosk.350.wikitext
aber-de-vine	en/latin/a/aber-de-vine.351.wikitext
aberr	en/latin/a/aberr.352.wikitext
aberrance	en/latin/a/aberrance.353.wikitext
aberrant	en/latin/a/aberrant.356.wikitext
aberrate	en/latin/a/aberrate.357.wikitext
aberration	en/latin/a/aberration.358.wikitext
aberrational	en/latin/a/aberrational.359.wikitext
aberuncate	en/latin/a/aberuncate.360.wikitext
aberuncator	en/latin/a/aberuncator.361.wikitext
abet	en/latin/a/abet.362.wikitext
abetment	en/latin/a/abetment.363.wikitext
abettal	en/latin/a/abettal.364.wikitext
abetter	en/latin/a/abetter.365.wikitext
abettor	en/latin/a/abettor.2848.wikitext
abevacuation	en/latin/a/abevacuation.368.wikitext
abeyance	en/latin/a/abeyance.369.wikitext
abeyancy	en/latin/a/abeyancy.370.wikitext
abeyant	en/latin/a/abeyant.371.wikitext
abhal	en/latin/a/abhal.372.wikitext
abhominable	en/latin/a/abhominable.373.wikitext
abhominal	en/latin/a/abhominal.374.wikitext
abhor	en/latin/a/abhor.375.wikitext
abhorrence	en/latin/a/abhorrence.376.wikitext
abhorrency	en/latin/a/abhorrency.377.wikitext
abhorrent	en/latin/a/abhorrent.378.wikitext
abhorrently	en/latin/a/abhorrently.379.wikitext
abhorrer	en/latin/a/abhorrer.380.wikitext
abhorrible	en/latin/a/abhorrible.381.wikitext
abhorring	en/latin/a/abhorring.382.wikitext
abidance	en/latin/a/abidance.384.wikitext
abide	en/latin/a/abide.385.wikitext
abider	en/latin/a/abider.386.wikitext
abiding	en/latin/a/abiding.387.wikitext
abidingly	en/latin/a/abidingly.388.wikitext
abietene	en/latin/a/abietene.390.wikitext
abietic	en/latin/a/abietic.391.wikitext
abietin	en/latin/a/abietin.392.wikitext
abietinic	en/latin/a/abietinic.393.wikitext
abietite	en/latin/a/abietite.394.wikitext
abigail	en/latin/a/abigail.395.wikitext
abiliment	en/latin/a/abiliment.396.wikitext
ability	en/latin/a/ability.397.wikitext
abime	en/latin/a/abime.398.wikitext
abiogenesis	en/latin/a/abiogenesis.399.wikitext
abiogenetic	en/latin/a/abiogenetic.400.wikitext
abiogenist	en/latin/a/abiogenist.401.wikitext
abiogenous	en/latin/a/abiogenous.402.wikitext
abiogeny	en/latin/a/abiogeny.404.wikitext
abiological	en/latin/a/abiological.405.wikitext
abirritant	en/latin/a/abirritant.406.wikitext
abirritate	en/latin/a/abirritate.407.wikitext
abirritation	en/latin/a/abirritation.409.wikitext
abirritative	en/latin/a/abirritative.410.wikitext
abit	en/latin/a/abit.411.wikitext
abject	en/latin/a/abject.412.wikitext
abjectedness	en/latin/a/abjectedness.414.wikitext
abjection	en/latin/a/abjection.416.wikitext
abjectly	en/latin/a/abjectly.418.wikitext
abjectness	en/latin/a/abjectness.419.wikitext
abjudge	en/latin/a/abjudge.421.wikitext
abjudicate	en/latin/a/abjudicate.422.wikitext
abjudication	en/latin/a/abjudication.423.wikitext
abjugate	en/latin/a/abjugate.424.wikitext
abjunctive	en/latin/a/abjunctive.426.wikitext
abjuration	en/latin/a/abjuration.427.wikitext
abjuratory	en/latin/a/abjuratory.428.wikitext
abjure	en/latin/a/abjure.429.wikitext
abjurement	en/latin/a/abjurement.430.wikitext
abjurer	en/latin/a/abjurer.431.wikitext
ablactate	en/latin/a/ablactate.432.wikitext
ablactation	en/latin/a/ablactation.433.wikitext
ablaqueate	en/latin/a/ablaqueate.434.wikitext
ablaqueation	en/latin/a/ablaqueation.435.wikitext
ablastemic	en/latin/a/ablastemic.436.wikitext
ablation	en/latin/a/ablation.437.wikitext
ablatitious	en/latin/a/ablatitious.438.wikitext
ablative	en/latin/a/ablative.439.wikitext
ablaut	en/latin/a/ablaut.440.wikitext
ablaze	en/latin/a/ablaze.441.wikitext
able	en/latin/a/able.442.wikitext
able-bodied	en/latin/a/able-bodied.443.wikitext
able-minded	en/latin/a/able-minded.446.wikitext
ablegate	en/latin/a/ablegate.444.wikitext
ablegation	en/latin/a/ablegation.445.wikitext
ableness	en/latin/a/ableness.447.wikitext
ablepsy	en/latin/a/ablepsy.448.wikitext
abler	en/latin/a/abler.449.wikitext
ablet	en/latin/a/ablet.450.wikitext
abligate	en/latin/a/abligate.451.wikitext
abligurition	en/latin/a/abligurition.452.wikitext
ablins	en/latin/a/ablins.453.wikitext
abloom	en/latin/a/abloom.454.wikitext
ablude	en/latin/a/ablude.455.wikitext
abluent	en/latin/a/abluent.456.wikitext
ablush	en/latin/a/ablush.457.wikitext
ablution	en/latin/a/ablution.458.wikitext
ablutionary	en/latin/a/ablutionary.459.wikitext
abluvion	en/latin/a/abluvion.460.wikitext
ably	en/latin/a/ably.461.wikitext
abnegate	en/latin/a/abnegate.462.wikitext
abnegation	en/latin/a/abnegation.463.wikitext
abnegative	en/latin/a/abnegative.464.wikitext
abnegator	en/latin/a/abnegator.465.wikitext
abnet	en/latin/a/abnet.466.wikitext
abnodate	en/latin/a/abnodate.467.wikitext
abnodation	en/latin/a/abnodation.468.wikitext
abnormal	en/latin/a/abnormal.469.wikitext
abnormality	en/latin/a/abnormality.470.wikitext
abnormally	en/latin/a/abnormally.471.wikitext
abnormity	en/latin/a/abnormity.472.wikitext
abnormous	en/latin/a/abnormous.473.wikitext
aboard	en/latin/a/aboard.474.wikitext
abodance	en/latin/a/abodance.475.wikitext
abode	en/latin/a/abode.477.wikitext
abodement	en/latin/a/abodement.478.wikitext
aboding	en/latin/a/aboding.479.wikitext
abolish	en/latin/a/abolish.480.wikitext
abolishable	en/latin/a/abolishable.482.wikitext
abolisher	en/latin/a/abolisher.483.wikitext
abolishment	en/latin/a/abolishment.484.wikitext
abolition	en/latin/a/abolition.485.wikitext
abolitionism	en/latin/a/abolitionism.486.wikitext
abolitionist	en/latin/a/abolitionist.487.wikitext
abolitionize	en/latin/a/abolitionize.488.wikitext
aboma	en/latin/a/aboma.489.wikitext
abomasum	en/latin/a/abomasum.490.wikitext
abominable	en/latin/a/abominable.491.wikitext
abominableness	en/latin/a/abominableness.493.wikitext
abominably	en/latin/a/abominably.494.wikitext
abominate	en/latin/a/abominate.495.wikitext
abomination	en/latin/a/abomination.497.wikitext
aboon	en/latin/a/aboon.498.wikitext
aboral	en/latin/a/aboral.499.wikitext
abord	en/latin/a/abord.500.wikitext
aboriginal	en/latin/a/aboriginal.502.wikitext
aboriginality	en/latin/a/aboriginality.503.wikitext
aboriginally	en/latin/a/aboriginally.504.wikitext
aborsement	en/latin/a/aborsement.507.wikitext
aborsive	en/latin/a/aborsive.509.wikitext
abort	en/latin/a/abort.510.wikitext
aborted	en/latin/a/aborted.511.wikitext
aborticide	en/latin/a/aborticide.513.wikitext
abortifacient	en/latin/a/abortifacient.515.wikitext
abortion	en/latin/a/abortion.516.wikitext
abortional	en/latin/a/abortional.518.wikitext
abortionist	en/latin/a/abortionist.519.wikitext
abortive	en/latin/a/abortive.520.wikitext
abortively	en/latin/a/abortively.522.wikitext
abortiveness	en/latin/a/abortiveness.523.wikitext
abortment	en/latin/a/abortment.524.wikitext
abought	en/latin/a/abought.526.wikitext
abound	en/latin/a/abound.527.wikitext
about	en/latin/a/about.528.wikitext
about-sledge	en/latin/a/about-sledge.529.wikitext
above	en/latin/a/above.530.wikitext
above-cited	en/latin/a/above-cited.532.wikitext
above-mentioned	en/latin/a/above-mentioned.534.wikitext
aboveboard	en/latin/a/aboveboard.531.wikitext
abovedeck	en/latin/a/abovedeck.533.wikitext
abovesaid	en/latin/a/abovesaid.535.wikitext
abox	en/latin/a/abox.536.wikitext
abracadabra	en/latin/a/abracadabra.538.wikitext
abradant	en/latin/a/abradant.539.wikitext
abrade	en/latin/a/abrade.540.wikitext
abraid	en/latin/a/abraid.545.wikitext
abranchial	en/latin/a/abranchial.546.wikitext
abranchiata	en/latin/a/abranchiata.547.wikitext
abranchiate	en/latin/a/abranchiate.548.wikitext
abrase	en/latin/a/abrase.549.wikitext
abrasion	en/latin/a/abrasion.550.wikitext
abrasive	en/latin/a/abrasive.551.wikitext
abraum	en/latin/a/abraum.552.wikitext
abraxas	en/latin/a/abraxas.553.wikitext
abray	en/latin/a/abray.554.wikitext
abreast	en/latin/a/abreast.555.wikitext
abreggen	en/latin/a/abreggen.556.wikitext
abrenounce	en/latin/a/abrenounce.557.wikitext
abrenunciation	en/latin/a/abrenunciation.558.wikitext
abreption	en/latin/a/abreption.559.wikitext
abreuvoir	en/latin/a/abreuvoir.560.wikitext
abricock	en/latin/a/abricock.561.wikitext
abridge	en/latin/a/abridge.562.wikitext
abridgement	en/latin/a/abridgement.2852.wikitext
abridger	en/latin/a/abridger.563.wikitext
abridgment	en/latin/a/abridgment.564.wikitext
abroach	en/latin/a/abroach.565.wikitext
abroad	en/latin/a/abroad.566.wikitext
abrogable	en/latin/a/abrogable.567.wikitext
abrogate	en/latin/a/abrogate.568.wikitext
abrogation	en/latin/a/abrogation.569.wikitext
abrogative	en/latin/a/abrogative.570.wikitext
abrogator	en/latin/a/abrogator.571.wikitext
abrood	en/latin/a/abrood.572.wikitext
abrook	en/latin/a/abrook.573.wikitext
abrupt	en/latin/a/abrupt.575.wikitext
abruption	en/latin/a/abruption.576.wikitext
abruptly	en/latin/a/abruptly.577.wikitext
abruptness	en/latin/a/abruptness.578.wikitext
abscess	en/latin/a/abscess.579.wikitext
abscession	en/latin/a/abscession.580.wikitext
abscind	en/latin/a/abscind.581.wikitext
abscision	en/latin/a/abscision.582.wikitext
absciss	en/latin/a/absciss.583.wikitext
abscissa	en/latin/a/abscissa.584.wikitext
abscission	en/latin/a/abscission.612.wikitext
abscond	en/latin/a/abscond.613.wikitext
abscondence	en/latin/a/abscondence.614.wikitext
absconder	en/latin/a/absconder.615.wikitext
absence	en/latin/a/absence.2856.wikitext
absent	en/latin/a/absent.1014.wikitext
absent-minded	en/latin/a/absent-minded.1022.wikitext
absentaneous	en/latin/a/absentaneous.1015.wikitext
absentation	en/latin/a/absentation.1016.wikitext
absentee	en/latin/a/absentee.1017.wikitext
absenteeism	en/latin/a/absenteeism.1018.wikitext
absenter	en/latin/a/absenter.1019.wikitext
absently	en/latin/a/absently.1020.wikitext
absentment	en/latin/a/absentment.1021.wikitext
absentness	en/latin/a/absentness.1023.wikitext
absey-book	en/latin/a/absey-book.1024.wikitext
absinth	en/latin/a/absinth.1025.wikitext
absinthate	en/latin/a/absinthate.1026.wikitext
absinthial	en/latin/a/absinthial.1027.wikitext
absinthian	en/latin/a/absinthian.1028.wikitext
absinthiate	en/latin/a/absinthiate.1029.wikitext
absinthiated	en/latin/a/absinthiated.1030.wikitext
absinthic	en/latin/a/absinthic.1031.wikitext
absinthin	en/latin/a/absinthin.1032.wikitext
absinthism	en/latin/a/absinthism.1033.wikitext
absinthium	en/latin/a/absinthium.1034.wikitext
absis	en/latin/a/absis.1035.wikitext
absist	en/latin/a/absist.1036.wikitext
absistence	en/latin/a/absistence.1037.wikitext
absolute	en/latin/a/absolute.2858.wikitext
absolutely	en/latin/a/absolutely.1039.wikitext
absoluteness	en/latin/a/absoluteness.1040.wikitext
absolution	en/latin/a/absolution.1041.wikitext
absolutism	en/latin/a/absolutism.1042.wikitext
absolutist	en/latin/a/absolutist.1043.wikitext
absolutistic	en/latin/a/absolutistic.1044.wikitext
absolutory	en/latin/a/absolutory.1045.wikitext
absolvable	en/latin/a/absolvable.1046.wikitext
absolvatory	en/latin/a/absolvatory.1047.wikitext
absolve	en/latin/a/absolve.1048.wikitext
absolvent	en/latin/a/absolvent.1049.wikitext
absolver	en/latin/a/absolver.1050.wikitext
absonant	en/latin/a/absonant.1051.wikitext
absonous	en/latin/a/absonous.1052.wikitext
absorb	en/latin/a/absorb.2865.wikitext
absorbability	en/latin/a/absorbability.1054.wikitext
absorbable	en/latin/a/absorbable.1055.wikitext
absorbedly	en/latin/a/absorbedly.1056.wikitext
absorbency	en/latin/a/absorbency.2857.wikitext
absorbent	en/latin/a/absorbent.2860.wikitext
absorber	en/latin/a/absorber.1059.wikitext
absorbing	en/latin/a/absorbing.1060.wikitext
absorbition	en/latin/a/absorbition.1061.wikitext
absorpt	en/latin/a/absorpt.1062.wikitext
absorption	en/latin/a/absorption.2859.wikitext
absorptive	en/latin/a/absorptive.1064.wikitext
absorptiveness	en/latin/a/absorptiveness.1065.wikitext
absorptivity	en/latin/a/absorptivity.1066.wikitext
absquatulate	en/latin/a/absquatulate.1067.wikitext
absque hoc	en/latin/a/absque hoc.1068.wikitext
abstain	en/latin/a/abstain.1069.wikitext
abstainer	en/latin/a/abstainer.1070.wikitext
abstemious	en/latin/a/abstemious.1071.wikitext
abstemiousness	en/latin/a/abstemiousness.1072.wikitext
abstention	en/latin/a/abstention.2861.wikitext
abstentious	en/latin/a/abstentious.1074.wikitext
absterge	en/latin/a/absterge.1075.wikitext
abstergent	en/latin/a/abstergent.2862.wikitext
absterse	en/latin/a/absterse.1077.wikitext
abstersion	en/latin/a/abstersion.1078.wikitext
abstersive	en/latin/a/abstersive.1079.wikitext
abstersiveness	en/latin/a/abstersiveness.1080.wikitext
abstinence	en/latin/a/abstinence.2863.wikitext
abstinency	en/latin/a/abstinency.1082.wikitext
abstinent	en/latin/a/abstinent.1083.wikitext
abstinently	en/latin/a/abstinently.1084.wikitext
abstorted	en/latin/a/abstorted.1085.wikitext
abstract	en/latin/a/abstract.2864.wikitext
abstracted	en/latin/a/abstracted.1087.wikitext
abstractedly	en/latin/a/abstractedly.1088.wikitext
abstractedness	en/latin/a/abstractedness.1089.wikitext
abstracter	en/latin/a/abstracter.1090.wikitext
abstraction	en/latin/a/abstraction.2866.wikitext
abstractional	en/latin/a/abstractional.1092.wikitext
abstractionism	en/latin/a/abstractionism.2867.wikitext
abstractionist	en/latin/a/abstractionist.1093.wikitext
abstractitious	en/latin/a/abstractitious.1094.wikitext
abstractive	en/latin/a/abstractive.1095.wikitext
abstractively	en/latin/a/abstractively.1096.wikitext
abstractiveness	en/latin/a/abstractiveness.1097.wikitext
abstractly	en/latin/a/abstractly.1098.wikitext
abstractness	en/latin/a/abstractness.1099.wikitext
abstringe	en/latin/a/abstringe.1100.wikitext
abstrude	en/latin/a/abstrude.1101.wikitext
abstruse	en/latin/a/abstruse.1102.wikitext
abstrusely	en/latin/a/abstrusely.1103.wikitext
abstruseness	en/latin/a/abstruseness.1104.wikitext
abstrusion	en/latin/a/abstrusion.1105.wikitext
abstrusity	en/latin/a/abstrusity.1106.wikitext
absume	en/latin/a/absume.1107.wikitext
absumption	en/latin/a/absumption.1108.wikitext
absurd	en/latin/a/absurd.2868.wikitext
absurdity	en/latin/a/absurdity.1110.wikitext
absurdly	en/latin/a/absurdly.1111.wikitext
absurdness	en/latin/a/absurdness.1112.wikitext
abuna	en/latin/a/abuna.1113.wikitext
abundance	en/latin/a/abundance.2870.wikitext
abundant	en/latin/a/abundant.2871.wikitext
abundantly	en/latin/a/abundantly.1116.wikitext
aburst	en/latin/a/aburst.1117.wikitext
abusable	en/latin/a/abusable.1118.wikitext
abusage	en/latin/a/abusage.1119.wikitext
abuse	en/latin/a/abuse.2869.wikitext
abuseful	en/latin/a/abuseful.1121.wikitext
abuser	en/latin/a/abuser.1122.wikitext
abusion	en/latin/a/abusion.1123.wikitext
abusive	en/latin/a/abusive.1124.wikitext
abusively	en/latin/a/abusively.1125.wikitext
abusiveness	en/latin/a/abusiveness.1126.wikitext
abut	en/latin/a/abut.1127.wikitext
abut on	en/latin/a/abut on.2873.wikitext
abutment	en/latin/a/abutment.2875.wikitext
abuttal	en/latin/a/abuttal.1130.wikitext
abutter	en/latin/a/abutter.1131.wikitext
abuzz	en/latin/a/abuzz.1132.wikitext
aby	en/latin/a/aby.1133.wikitext
abysm	en/latin/a/abysm.2878.wikitext
abysmal	en/latin/a/abysmal.1135.wikitext
abysmally	en/latin/a/abysmally.1136.wikitext
abyss	en/latin/a/abyss.2877.wikitext
abyssal	en/latin/a/abyssal.1138.wikitext
acacia	en/latin/a/acacia.2229.wikitext
acacin	en/latin/a/acacin.1141.wikitext
academe	en/latin/a/academe.1142.wikitext
academial	en/latin/a/academial.1143.wikitext
academian	en/latin/a/academian.1144.wikitext
academic	en/latin/a/academic.2879.wikitext
academically	en/latin/a/academically.1146.wikitext
academicism	en/latin/a/academicism.1149.wikitext
academism	en/latin/a/academism.1150.wikitext
academist	en/latin/a/academist.1151.wikitext
academy	en/latin/a/academy.2881.wikitext
acajou	en/latin/a/acajou.1154.wikitext
acaleph	en/latin/a/acaleph.1155.wikitext
acalephoid	en/latin/a/acalephoid.1157.wikitext
acalycine	en/latin/a/acalycine.1158.wikitext
acanth	en/latin/a/acanth.1159.wikitext
acantha	en/latin/a/acantha.1160.wikitext
acanthaceous	en/latin/a/acanthaceous.1161.wikitext
acanthine	en/latin/a/acanthine.1162.wikitext
acanthocarpous	en/latin/a/acanthocarpous.1163.wikitext
acanthocephalous	en/latin/a/acanthocephalous.1165.wikitext
acanthopodious	en/latin/a/acanthopodious.1167.wikitext
acanthopterous	en/latin/a/acanthopterous.1169.wikitext
acanthopterygian	en/latin/a/acanthopterygian.1170.wikitext
acanthopterygious	en/latin/a/acanthopterygious.1172.wikitext
acanthus	en/latin/a/acanthus.2882.wikitext
acapsular	en/latin/a/acapsular.1174.wikitext
acardiac	en/latin/a/acardiac.1175.wikitext
acaridan	en/latin/a/acaridan.1176.wikitext
acarine	en/latin/a/acarine.1178.wikitext
acaroid	en/latin/a/acaroid.1179.wikitext
acarus	en/latin/a/acarus.1182.wikitext
acaulous	en/latin/a/acaulous.1191.wikitext
accelerate	en/latin/a/accelerate.2883.wikitext
acceleration	en/latin/a/acceleration.2884.wikitext
accelerator	en/latin/a/accelerator.2885.wikitext
accend	en/latin/a/accend.1204.wikitext
accensor	en/latin/a/accensor.1208.wikitext
accent	en/latin/a/accent.2889.wikitext
accentuate	en/latin/a/accentuate.2890.wikitext
accept	en/latin/a/accept.1218.wikitext
acceptability	en/latin/a/acceptability.1219.wikitext
acceptable	en/latin/a/acceptable.1220.wikitext
acceptableness	en/latin/a/acceptableness.1221.wikitext
acceptably	en/latin/a/acceptably.1222.wikitext
acceptance	en/latin/a/acceptance.1223.wikitext
acceptancy	en/latin/a/acceptancy.1224.wikitext
acceptant	en/latin/a/acceptant.1225.wikitext
acceptation	en/latin/a/acceptation.1226.wikitext
acceptedly	en/latin/a/acceptedly.1227.wikitext
accepter	en/latin/a/accepter.1228.wikitext
acceptilation	en/latin/a/acceptilation.1229.wikitext
acception	en/latin/a/acception.1230.wikitext
acceptive	en/latin/a/acceptive.1231.wikitext
acceptor	en/latin/a/acceptor.1232.wikitext
access	en/latin/a/access.2891.wikitext
accessarily	en/latin/a/accessarily.1234.wikitext
accessariness	en/latin/a/accessariness.1235.wikitext
accessary	en/latin/a/accessary.1236.wikitext
accessibility	en/latin/a/accessibility.1237.wikitext
accessible	en/latin/a/accessible.1238.wikitext
accessibly	en/latin/a/accessibly.1239.wikitext
accession	en/latin/a/accession.2898.wikitext
accessional	en/latin/a/accessional.1241.wikitext
accessive	en/latin/a/accessive.1242.wikitext
accessorial	en/latin/a/accessorial.1243.wikitext
accessorily	en/latin/a/accessorily.1244.wikitext
accessoriness	en/latin/a/accessoriness.1245.wikitext
accessory	en/latin/a/accessory.2902.wikitext
acciaccatura	en/latin/a/acciaccatura.1247.wikitext
accidence	en/latin/a/accidence.1248.wikitext
accidental	en/latin/a/accidental.1250.wikitext
accidentally	en/latin/a/accidentally.1253.wikitext
accidie	en/latin/a/accidie.1255.wikitext
accipient	en/latin/a/accipient.1257.wikitext
accipiter	en/latin/a/accipiter.1258.wikitext
accipitres	en/latin/a/accipitres.1260.wikitext
accipitrine	en/latin/a/accipitrine.1261.wikitext
accismus	en/latin/a/accismus.1262.wikitext
accite	en/latin/a/accite.1263.wikitext
acclaim	en/latin/a/acclaim.2892.wikitext
acclamation	en/latin/a/acclamation.1266.wikitext
acclimatation	en/latin/a/acclimatation.1269.wikitext
acclimate	en/latin/a/acclimate.1270.wikitext
acclimatization	en/latin/a/acclimatization.2896.wikitext
acclimatize	en/latin/a/acclimatize.2895.wikitext
acclimature	en/latin/a/acclimature.1276.wikitext
acclive	en/latin/a/acclive.1277.wikitext
acclivitous	en/latin/a/acclivitous.1278.wikitext
acclivity	en/latin/a/acclivity.1279.wikitext
acclivous	en/latin/a/acclivous.1280.wikitext
accloy	en/latin/a/accloy.1281.wikitext
accoast	en/latin/a/accoast.1282.wikitext
accoil	en/latin/a/accoil.1283.wikitext
accolade	en/latin/a/accolade.1284.wikitext
accombination	en/latin/a/accombination.1285.wikitext
accommodable	en/latin/a/accommodable.1286.wikitext
accommodately	en/latin/a/accommodately.1289.wikitext
accommodateness	en/latin/a/accommodateness.1290.wikitext
accommodating	en/latin/a/accommodating.1291.wikitext
accommodation	en/latin/a/accommodation.2230.wikitext
accommodator	en/latin/a/accommodator.1293.wikitext
accompaniment	en/latin/a/accompaniment.2897.wikitext
accompany	en/latin/a/accompany.2894.wikitext
accomplice	en/latin/a/accomplice.2893.wikitext
accomplish	en/latin/a/accomplish.2888.wikitext
accomplished	en/latin/a/accomplished.2887.wikitext
accompt	en/latin/a/accompt.1308.wikitext
accord	en/latin/a/accord.1567.wikitext
accordable	en/latin/a/accordable.1312.wikitext
accordancy	en/latin/a/accordancy.1314.wikitext
accordant	en/latin/a/accordant.1315.wikitext
accordantly	en/latin/a/accordantly.1316.wikitext
accorder	en/latin/a/accorder.1317.wikitext
according	en/latin/a/according.1318.wikitext
accordingly	en/latin/a/accordingly.1319.wikitext
accordion	en/latin/a/accordion.1320.wikitext
accordionist	en/latin/a/accordionist.1881.wikitext
accordment	en/latin/a/accordment.1322.wikitext
accorporate	en/latin/a/accorporate.1323.wikitext
accost	en/latin/a/accost.2930.wikitext
accostable	en/latin/a/accostable.1325.wikitext
accoucheur	en/latin/a/accoucheur.1328.wikitext
accountability	en/latin/a/accountability.2931.wikitext
accountable	en/latin/a/accountable.2932.wikitext
accountableness	en/latin/a/accountableness.1333.wikitext
accountancy	en/latin/a/accountancy.2933.wikitext
accountant	en/latin/a/accountant.2934.wikitext
accountantship	en/latin/a/accountantship.1337.wikitext
accoy	en/latin/a/accoy.1345.wikitext
accredit	en/latin/a/accredit.2935.wikitext
accreditation	en/latin/a/accreditation.2936.wikitext
accrementitial	en/latin/a/accrementitial.1348.wikitext
accrementition	en/latin/a/accrementition.1349.wikitext
accresce	en/latin/a/accresce.1350.wikitext
accretion	en/latin/a/accretion.2937.wikitext
accroach	en/latin/a/accroach.1357.wikitext
accroachment	en/latin/a/accroachment.1358.wikitext
accrual	en/latin/a/accrual.1359.wikitext
accrue	en/latin/a/accrue.2938.wikitext
accruer	en/latin/a/accruer.1361.wikitext
accrument	en/latin/a/accrument.1362.wikitext
accumulate	en/latin/a/accumulate.2939.wikitext
accumulation	en/latin/a/accumulation.2940.wikitext
accumulative	en/latin/a/accumulative.1370.wikitext
accumulator	en/latin/a/accumulator.2941.wikitext
accuracy	en/latin/a/accuracy.2942.wikitext
accurate	en/latin/a/accurate.1373.wikitext
accurately	en/latin/a/accurately.1374.wikitext
accusation	en/latin/a/accusation.2943.wikitext
accusative	en/latin/a/accusative.2944.wikitext
accuse	en/latin/a/accuse.2945.wikitext
accustom	en/latin/a/accustom.2946.wikitext
ace	en/latin/a/ace.2970.wikitext
acetary	en/latin/a/acetary.1440.wikitext
achene	en/latin/a/achene.1467.wikitext
achievement	en/latin/a/achievement.1596.wikitext
achronic	en/latin/a/achronic.1615.wikitext
achroous	en/latin/a/achroous.1617.wikitext
achylous	en/latin/a/achylous.1618.wikitext
achymous	en/latin/a/achymous.1619.wikitext
acicula	en/latin/a/acicula.1620.wikitext
acid	en/latin/a/acid.1625.wikitext
acronym	en/latin/a/acronym.2032.wikitext
act like a bull in a china shop	en/latin/a/act like a bull in a china shop.1763.wikitext
add	en/latin/a/add.2228.wikitext
adjectival	en/latin/a/adjectival.176.wikitext
adjective	en/latin/a/adjective.174.wikitext
adverb	en/latin/a/adverb.1915.wikitext
affix	en/latin/a/affix.2918.wikitext
aflare	en/latin/a/aflare.2203.wikitext
age of consent	en/latin/a/age of consent.2268.wikitext
algorithmics	en/latin/a/algorithmics.565234.wikitext
alien	en/latin/a/alien.1485.wikitext
aliveness	en/latin/a/aliveness.2204.wikitext
alphabet	en/latin/a/alphabet.1591.wikitext
alphabetical	en/latin/a/alphabetical.156.wikitext
alphabetism	en/latin/a/alphabetism.1684.wikitext
also	en/latin/a/also.2227.wikitext
amar	en/latin/a/amar.2845.wikitext
ami	en/latin/a/ami.2681.wikitext
amigo	en/latin/a/amigo.2844.wikitext
amoral	en/latin/a/amoral.1840.wikitext
ananke	en/latin/a/ananke.1994.wikitext
and	en/latin/a/and.2067.wikitext
andante	en/latin/a/andante.2001.wikitext
angla	en/latin/a/angla.2673.wikitext
anti-Semitism	en/latin/a/anti-Semitism.1859.wikitext
antidisestablishmentarianism	en/latin/a/antidisestablishmentarianism.212.wikitext
antonym	en/latin/a/antonym.145.wikitext
any press is good press	en/latin/a/any press is good press.508043.wikitext
appeaser	en/latin/a/appeaser.2207.wikitext
apple	en/latin/a/apple.2154.wikitext
apples and pears	en/latin/a/apples and pears.204.wikitext
aquila	en/latin/a/aquila.91.wikitext
archaeastronomy	en/latin/a/archaeastronomy.1734.wikitext
are	en/latin/a/are.1812.wikitext
aria	en/latin/a/aria.2011.wikitext
arietta	en/latin/a/arietta.2012.wikitext
august	en/latin/a/august.117.wikitext
automatic	en/latin/a/automatic.2791.wikitext
autumn	en/latin/a/autumn.1507.wikitext
avatar	en/latin/a/avatar.1482.wikitext
bank	en/latin/b/bank.2148.wikitext
barcode	en/latin/b/barcode.2262.wikitext
barter	en/latin/b/barter.159.wikitext
base station subsystem	en/latin/b/base station subsystem.2280.wikitext
bbl	en/latin/b/bbl.1562.wikitext
be	en/latin/b/be.1810.wikitext
because	en/latin/b/because.1925.wikitext
beer	en/latin/b/beer.1750.wikitext
bellgirl	en/latin/b/bellgirl.1681.wikitext
biblical	en/latin/b/biblical.1827.wikitext
big	en/latin/b/big.2190.wikitext
billion	en/latin/b/billion.1975.wikitext
bio	en/latin/b/bio.2919.wikitext
bioterror	en/latin/b/bioterror.1678.wikitext
birth	en/latin/b/birth.1566.wikitext
bisbigliando	en/latin/b/bisbigliando.805436.wikitext
bit	en/latin/b/bit.1786.wikitext
blood	en/latin/b/blood.2341.wikitext
board	en/latin/b/board.2812.wikitext
bollocks	en/latin/b/bollocks.2232.wikitext
bone	en/latin/b/bone.668.wikitext
book	en/latin/b/book.47.wikitext
bot	en/latin/b/bot.1908.wikitext
bpd	en/latin/b/bpd.686.wikitext
brassiere	en/latin/b/brassiere.2002.wikitext
brassière	en/latin/b/brassière.2004.wikitext
brown	en/latin/b/brown.94.wikitext
bug-eyed monster	en/latin/b/bug-eyed monster.1658.wikitext
bumf	en/latin/b/bumf.1990.wikitext
bureaucrat	en/latin/b/bureaucrat.1590.wikitext
burp	en/latin/b/burp.2961.wikitext
but	en/latin/b/but.2215.wikitext
calendar	en/latin/c/calendar.625.wikitext
can	en/latin/c/can.1574.wikitext
car hop	en/latin/c/car hop.2963.wikitext
careful	en/latin/c/careful.2271.wikitext
cat	en/latin/c/cat.36.wikitext
cataphora	en/latin/c/cataphora.1831.wikitext
centavo	en/latin/c/centavo.1974.wikitext
century	en/latin/c/century.1738.wikitext
chairman	en/latin/c/chairman.1783.wikitext
chiapaneco	en/latin/c/chiapaneco.1757.wikitext
chien	en/latin/c/chien.52.wikitext
chuva	en/latin/c/chuva.2874.wikitext
ci	en/latin/c/ci.2264.wikitext
clock	en/latin/c/clock.1739.wikitext
cod	en/latin/c/cod.1844.wikitext
colon	en/latin/c/colon.2366.wikitext
color	en/latin/c/color.1520.wikitext
comitology	en/latin/c/comitology.1823.wikitext
comity	en/latin/c/comity.1852.wikitext
comma	en/latin/c/comma.2365.wikitext
commonality	en/latin/c/commonality.499369.wikitext
company	en/latin/c/company.2224.wikitext
computer	en/latin/c/computer.2798.wikitext
computer science	en/latin/c/computer science.1743.wikitext
conceal	en/latin/c/conceal.2019.wikitext
conjunction	en/latin/c/conjunction.2069.wikitext
connotation	en/latin/c/connotation.146.wikitext
consensus	en/latin/c/consensus.2158.wikitext
consent	en/latin/c/consent.2267.wikitext
contemporisation	en/latin/c/contemporisation.1682.wikitext
core inflation	en/latin/c/core inflation.2140.wikitext
count noun	en/latin/c/count noun.1582.wikitext
country	en/latin/c/country.2068.wikitext
craft	en/latin/c/craft.175.wikitext
craggy	en/latin/c/craggy.1569.wikitext
crap	en/latin/c/crap.1991.wikitext
crow	en/latin/c/crow.71.wikitext
crude	en/latin/c/crude.1718.wikitext
crude oil	en/latin/c/crude oil.687.wikitext
cum	en/latin/c/cum.1832.wikitext
cunt	en/latin/c/cunt.1822.wikitext
current	en/latin/c/current.2777.wikitext
current account	en/latin/c/current account.2778.wikitext
current events	en/latin/c/current events.129.wikitext
currently	en/latin/c/currently.2146.wikitext
curvaceous	en/latin/c/curvaceous.2964.wikitext
dat	en/latin/d/dat.1531.wikitext
date	en/latin/d/date.1887.wikitext
day	en/latin/d/day.131.wikitext
de	en/latin/d/de.1519.wikitext
deal	en/latin/d/deal.180.wikitext
debt	en/latin/d/debt.1556.wikitext
decade	en/latin/d/decade.1674.wikitext
deceptive	en/latin/d/deceptive.2289.wikitext
decrypt	en/latin/d/decrypt.1730.wikitext
deep sleep	en/latin/d/deep sleep.1661.wikitext
deficit	en/latin/d/deficit.2150.wikitext
deficit commercial	en/latin/d/deficit commercial.2900.wikitext
defining vocabulary	en/latin/d/defining vocabulary.1736.wikitext
definition	en/latin/d/definition.1486.wikitext
denotation	en/latin/d/denotation.147.wikitext
derecho	en/latin/d/derecho.2186.wikitext
dialect	en/latin/d/dialect.149.wikitext
dick	en/latin/d/dick.1824.wikitext
dickhead	en/latin/d/dickhead.1825.wikitext
dictionary	en/latin/d/dictionary.16.wikitext
die	en/latin/d/die.1532.wikitext
dies	en/latin/d/dies.1662.wikitext
digit	en/latin/d/digit.4149621.wikitext
digital	en/latin/d/digital.2251.wikitext
digito	en/latin/d/digito.2692.wikitext
digito indice	en/latin/d/digito indice.2693.wikitext
disease	en/latin/d/disease.2343.wikitext
dls	en/latin/d/dls.2053.wikitext
doctrine	en/latin/d/doctrine.1842.wikitext
dog	en/latin/d/dog.3649675.wikitext
dollarization	en/latin/d/dollarization.1680.wikitext
domestic debt	en/latin/d/domestic debt.1555.wikitext
dotcom	en/latin/d/dotcom.1679.wikitext
dygn	en/latin/d/dygn.1886.wikitext
e-text	en/latin/e/e-text.1690.wikitext
eagle	en/latin/e/eagle.205.wikitext
early	en/latin/e/early.2634.wikitext
ecolect	en/latin/e/ecolect.438407.wikitext
economics	en/latin/e/economics.2155.wikitext
een	en/latin/e/een.1534.wikitext
eight	en/latin/e/eight.1984.wikitext
elephant	en/latin/e/elephant.75.wikitext
embellish	en/latin/e/embellish.2086.wikitext
en	en/latin/e/en.1521.wikitext
encrypt	en/latin/e/encrypt.1756.wikitext
encyclopaedia	en/latin/e/encyclopaedia.32.wikitext
encyclopedia	en/latin/e/encyclopedia.27.wikitext
enterprise union	en/latin/e/enterprise union.1775.wikitext
eo	en/latin/e/eo.2906.wikitext
epidemic	en/latin/e/epidemic.2348.wikitext
epizootic	en/latin/e/epizootic.1980.wikitext
espaniol	en/latin/e/espaniol.2849.wikitext
estar	en/latin/e/estar.1978.wikitext
etymology	en/latin/e/etymology.164.wikitext
euro	en/latin/e/euro.2071.wikitext
everybody	en/latin/e/everybody.1992.wikitext
everywhen	en/latin/e/everywhen.1659.wikitext
f	en/latin/f/f.229.wikitext
fa	en/latin/f/fa.230.wikitext
fabaceous	en/latin/f/fabaceous.231.wikitext
fabella	en/latin/f/fabella.232.wikitext
fable	en/latin/f/fable.234.wikitext
false	en/latin/f/false.2335.wikitext
false friend	en/latin/f/false friend.153.wikitext
fart	en/latin/f/fart.1829.wikitext
feature	en/latin/f/feature.2733.wikitext
feist	en/latin/f/feist.1929.wikitext
fere	en/latin/f/fere.2043.wikitext
fero	en/latin/f/fero.2846.wikitext
fervojo	en/latin/f/fervojo.2670.wikitext
few	en/latin/f/few.1745.wikitext
financial	en/latin/f/financial.2780.wikitext
financial market	en/latin/f/financial market.2781.wikitext
first	en/latin/f/first.2247.wikitext
first name	en/latin/f/first name.1470.wikitext
fiscal	en/latin/f/fiscal.2151.wikitext
five	en/latin/f/five.1696.wikitext
flatulent	en/latin/f/flatulent.1828.wikitext
floccinaucinihilipilification	en/latin/f/floccinaucinihilipilification.96.wikitext
flute	en/latin/f/flute.1939.wikitext
fnord	en/latin/f/fnord.1993.wikitext
food	en/latin/f/food.2198.wikitext
forecast	en/latin/f/forecast.2226.wikitext
foreign debt	en/latin/f/foreign debt.1540.wikitext
former Yugoslav Republic of Macedonia	en/latin/f/former Yugoslav Republic of Macedonia.2098.wikitext
fortnight	en/latin/f/fortnight.1675.wikitext
four	en/latin/f/four.1695.wikitext
frankenfood	en/latin/f/frankenfood.1683.wikitext
free	en/latin/f/free.19.wikitext
freedom of speech	en/latin/f/freedom of speech.157.wikitext
frei	en/latin/f/frei.35.wikitext
french fries	en/latin/f/french fries.2799.wikitext
frequency	en/latin/f/frequency.2238.wikitext
frequency assignment	en/latin/f/frequency assignment.703876.wikitext
front organization	en/latin/f/front organization.2965.wikitext
fruit	en/latin/f/fruit.2165.wikitext
fuddy-duddy	en/latin/f/fuddy-duddy.2966.wikitext
full stop	en/latin/f/full stop.2367.wikitext
full whack	en/latin/f/full whack.1778.wikitext
futurism	en/latin/f/futurism.1660.wikitext
gas	en/latin/g/gas.2640.wikitext
gleaming	en/latin/g/gleaming.2231.wikitext
global	en/latin/g/global.2201.wikitext
globalisation	en/latin/g/globalisation.2202.wikitext
gnosis	en/latin/g/gnosis.1989.wikitext
gobierno	en/latin/g/gobierno.2189.wikitext
google	en/latin/g/google.1538.wikitext
government	en/latin/g/government.2188.wikitext
grain of salt	en/latin/g/grain of salt.121.wikitext
grass	en/latin/g/grass.1691.wikitext
gratis	en/latin/g/gratis.41.wikitext
gratuit	en/latin/g/gratuit.43.wikitext
gratuitous	en/latin/g/gratuitous.2167.wikitext
grok	en/latin/g/grok.1988.wikitext
growth	en/latin/g/growth.1643.wikitext
guarda-chuva	en/latin/g/guarda-chuva.2853.wikitext
guerra	en/latin/g/guerra.2051.wikitext
hamper	en/latin/h/hamper.2087.wikitext
hardwareman	en/latin/h/hardwareman.2170.wikitext
head	en/latin/h/head.214.wikitext
hell	en/latin/h/hell.2016.wikitext
herfst	en/latin/h/herfst.660.wikitext
het	en/latin/h/het.1522.wikitext
hiding	en/latin/h/hiding.2233.wikitext
hij	en/latin/h/hij.1535.wikitext
hippopotomonstrosesquippedaliophobia	en/latin/h/hippopotomonstrosesquippedaliophobia.657.wikitext
hispana	en/latin/h/hispana.2671.wikitext
hoed	en/latin/h/hoed.1524.wikitext
holophrastic	en/latin/h/holophrastic.1669.wikitext
homeworld	en/latin/h/homeworld.1480.wikitext
hour	en/latin/h/hour.155.wikitext
hund	en/latin/h/hund.1861.wikitext
hundo	en/latin/h/hundo.1860.wikitext
husband	en/latin/h/husband.2182.wikitext
hyponym	en/latin/h/hyponym.150.wikitext
i	en/latin/i/i.1722.wikitext
ik	en/latin/i/ik.1529.wikitext
in	en/latin/i/in.1533.wikitext
incorporated	en/latin/i/incorporated.2275.wikitext
increase	en/latin/i/increase.2222.wikitext
indice	en/latin/i/indice.2696.wikitext
industrial	en/latin/i/industrial.2779.wikitext
inflation	en/latin/i/inflation.2139.wikitext
infotopia	en/latin/i/infotopia.2211.wikitext
interwiki	en/latin/i/interwiki.1968.wikitext
investment	en/latin/i/investment.2220.wikitext
is	en/latin/i/is.1811.wikitext
jeudi	en/latin/j/jeudi.1517.wikitext
jiffy	en/latin/j/jiffy.1883.wikitext
jitter	en/latin/j/jitter.2005.wikitext
jour	en/latin/j/jour.2046.wikitext
ka-tzetnik	en/latin/k/ka-tzetnik.1396689.wikitext
keypal	en/latin/k/keypal.438445.wikitext
koira	en/latin/k/koira.1902.wikitext
kun	en/latin/k/kun.609.wikitext
kutya	en/latin/k/kutya.1893.wikitext
laconic	en/latin/l/laconic.2091.wikitext
language	en/latin/l/language.1906.wikitext
langue	en/latin/l/langue.2047.wikitext
lapidation	en/latin/l/lapidation.2922.wikitext
last	en/latin/l/last.2221.wikitext
leap	en/latin/l/leap.645.wikitext
leg up	en/latin/l/leg up.2967.wikitext
legal entity	en/latin/l/legal entity.2277.wikitext
lekker belangrijk	en/latin/l/lekker belangrijk.2907.wikitext
lens	en/latin/l/lens.1541.wikitext
lente	en/latin/l/lente.658.wikitext
letter	en/latin/l/letter.1724.wikitext
lexicographer	en/latin/l/lexicographer.1999.wikitext
lexicography	en/latin/l/lexicography.144.wikitext
libero	en/latin/l/libero.1981.wikitext
libre	en/latin/l/libre.1514.wikitext
lifetime	en/latin/l/lifetime.2073.wikitext
lifetime job	en/latin/l/lifetime job.2074.wikitext
lightspeed	en/latin/l/lightspeed.1640.wikitext
lingvo	en/latin/l/lingvo.2669.wikitext
link topology	en/latin/l/link topology.1506013.wikitext

livre	en/latin/l/livre.46.wikitext
livrer	en/latin/l/livrer.1776.wikitext
local battery	en/latin/l/local battery.1604049.wikitext

logology	en/latin/l/logology.1314279.wikitext
lol	en/latin/l/lol.1900.wikitext
love	en/latin/l/love.2682.wikitext
luu	en/latin/l/luu.1905.wikitext
macrovirus	en/latin/m/macrovirus.2214.wikitext
mammal	en/latin/m/mammal.2169.wikitext
man	en/latin/m/man.1796.wikitext
mandapa	en/latin/m/mandapa.2161.wikitext
mandat	en/latin/m/mandat.1837.wikitext
mann	en/latin/m/mann.1762.wikitext
maquiladora	en/latin/m/maquiladora.2079.wikitext
march	en/latin/m/march.112.wikitext
mardo	en/latin/m/mardo.2686.wikitext
market	en/latin/m/market.2197.wikitext
mars	en/latin/m/mars.2663.wikitext
mass noun	en/latin/m/mass noun.1583.wikitext
may	en/latin/m/may.114.wikitext
meat	en/latin/m/meat.1746.wikitext
medicine	en/latin/m/medicine.1728.wikitext
meeting	en/latin/m/meeting.2199.wikitext
menos	en/latin/m/menos.2206.wikitext
merchandise	en/latin/m/merchandise.182.wikitext
metadata	en/latin/m/metadata.2171.wikitext
meticulous	en/latin/m/meticulous.2092.wikitext
metric	en/latin/m/metric.1813.wikitext
mi	en/latin/m/mi.2677.wikitext
millennium	en/latin/m/millennium.637.wikitext
millisecond	en/latin/m/millisecond.1740.wikitext
minute	en/latin/m/minute.158.wikitext
mobile	en/latin/m/mobile.2239.wikitext
mobile phone	en/latin/m/mobile phone.2240.wikitext
mobile station	en/latin/m/mobile station.2278.wikitext
mondegreen	en/latin/m/mondegreen.1790.wikitext
monetario	en/latin/m/monetario.2213.wikitext
monotheism	en/latin/m/monotheism.1808.wikitext
month	en/latin/m/month.109.wikitext
morning	en/latin/m/morning.2194.wikitext
morpheme	en/latin/m/morpheme.1982.wikitext
mortar	en/latin/m/mortar.2775.wikitext
most	en/latin/m/most.2040.wikitext
motherfucker	en/latin/m/motherfucker.1826.wikitext
mouse potato	en/latin/m/mouse potato.662.wikitext
multiculturalism	en/latin/m/multiculturalism.122.wikitext
mundial	en/latin/m/mundial.2200.wikitext
music	en/latin/m/music.2038.wikitext
musician	en/latin/m/musician.2000.wikitext
nag screen	en/latin/n/nag screen.2172.wikitext
name	en/latin/n/name.217.wikitext
nanosecond	en/latin/n/nanosecond.2258.wikitext
natural gas	en/latin/n/natural gas.2641.wikitext
necar	en/latin/n/necar.2636.wikitext
network	en/latin/n/network.2237.wikitext
network subsystem	en/latin/n/network subsystem.2281.wikitext
new	en/latin/n/new.2639.wikitext
niet	en/latin/n/niet.1536.wikitext
nigger	en/latin/n/nigger.1821.wikitext
nil illegitimi carborundum	en/latin/n/nil illegitimi carborundum.1937.wikitext
nine	en/latin/n/nine.1985.wikitext
noli illegitimi carborundum	en/latin/n/noli illegitimi carborundum.1935.wikitext
nomo	en/latin/n/nomo.2921.wikitext
non illegitimi carborundum	en/latin/n/non illegitimi carborundum.1936.wikitext
nonsense	en/latin/n/nonsense.59.wikitext
noun	en/latin/n/noun.154.wikitext
now	en/latin/n/now.2147.wikitext
nu	en/latin/n/nu.647.wikitext
nullify	en/latin/n/nullify.2084.wikitext
number	en/latin/n/number.1580.wikitext
numeral	en/latin/n/numeral.1586.wikitext
o	en/latin/o/o.1577.wikitext
obfuscate	en/latin/o/obfuscate.1573.wikitext
observateur	en/latin/o/observateur.1839.wikitext
occultation	en/latin/o/occultation.1888.wikitext
odd	en/latin/o/odd.623.wikitext
offset	en/latin/o/offset.2809.wikitext
on	en/latin/o/on.608.wikitext
onderbenutting	en/latin/o/onderbenutting.2021.wikitext
onderuitputting	en/latin/o/onderuitputting.2020.wikitext
one	en/latin/o/one.1692.wikitext
onsdag	en/latin/o/onsdag.1884.wikitext
open	en/latin/o/open.2157.wikitext
operating system	en/latin/o/operating system.2033.wikitext
orange	en/latin/o/orange.1557.wikitext
os	en/latin/o/os.1869.wikitext
osteo-	en/latin/o/osteo-.1868.wikitext
outer space	en/latin/o/outer space.1481.wikitext
oxymoron	en/latin/o/oxymoron.1585.wikitext
paceño	en/latin/p/paceño.2790.wikitext
paraguas	en/latin/p/paraguas.2872.wikitext
parapluvia	en/latin/p/parapluvia.2851.wikitext
parole	en/latin/p/parole.1651.wikitext
patronage	en/latin/p/patronage.179.wikitext
país	en/latin/p/país.2690.wikitext
peace	en/latin/p/peace.2064.wikitext
peccaminous	en/latin/p/peccaminous.1919.wikitext
pencil	en/latin/p/pencil.2017.wikitext
perfunctory	en/latin/p/perfunctory.2085.wikitext
perro	en/latin/p/perro.1907.wikitext
peso	en/latin/p/peso.1973.wikitext
pez	en/latin/p/pez.1502.wikitext
pie	en/latin/p/pie.60.wikitext
pies	en/latin/p/pies.57.wikitext
pissed	en/latin/p/pissed.1846.wikitext
planet	en/latin/p/planet.1570.wikitext
plural	en/latin/p/plural.1473.wikitext
plushophilia	en/latin/p/plushophilia.508366.wikitext
pluvia	en/latin/p/pluvia.2876.wikitext
pneumonoultramicroscopicsilicovolcanoconiosis	en/latin/p/pneumonoultramicroscopicsilicovolcanoconiosis.209.wikitext
point	en/latin/p/point.1794.wikitext
policy	en/latin/p/policy.2160.wikitext
political	en/latin/p/political.2332.wikitext
pollutant	en/latin/p/pollutant.2792.wikitext
pollute	en/latin/p/pollute.2793.wikitext
pollution	en/latin/p/pollution.2785.wikitext
polysemic	en/latin/p/polysemic.168.wikitext
polytheism	en/latin/p/polytheism.1741.wikitext
polytheistic	en/latin/p/polytheistic.1639.wikitext
pond	en/latin/p/pond.56.wikitext
poppycock	en/latin/p/poppycock.2013.wikitext
port	en/latin/p/port.1843.wikitext
portmanteau	en/latin/p/portmanteau.29.wikitext
portmanteau word	en/latin/p/portmanteau word.219.wikitext
pound	en/latin/p/pound.49.wikitext
ppl	en/latin/p/ppl.1578.wikitext
pre-Columbian	en/latin/p/pre-Columbian.1670.wikitext
precipitously	en/latin/p/precipitously.2855.wikitext
premature	en/latin/p/premature.1565.wikitext
product	en/latin/p/product.184.wikitext
prolix	en/latin/p/prolix.1817.wikitext
pronunciation guide	en/latin/p/pronunciation guide.187.wikitext
proper noun	en/latin/p/proper noun.1721.wikitext
proportionality	en/latin/p/proportionality.1836.wikitext
proprietary	en/latin/p/proprietary.2689.wikitext
proration	en/latin/p/proration.770729.wikitext

pseudo	en/latin/p/pseudo.1767.wikitext
pseudo-	en/latin/p/pseudo-.1766.wikitext
pseudonym	en/latin/p/pseudonym.2334.wikitext
pumpkin	en/latin/p/pumpkin.216.wikitext
punkin	en/latin/p/punkin.669.wikitext
qualitative	en/latin/q/qualitative.1820.wikitext
quality	en/latin/q/quality.1819.wikitext
quarter	en/latin/q/quarter.1644.wikitext
queef	en/latin/q/queef.1882.wikitext
quid pro quo	en/latin/q/quid pro quo.172.wikitext
quisling	en/latin/q/quisling.2209.wikitext
quiz	en/latin/q/quiz.624.wikitext
quotidian	en/latin/q/quotidian.1816.wikitext
radio	en/latin/r/radio.2255.wikitext
rag week	en/latin/r/rag week.1472.wikitext
railway	en/latin/r/railway.1969.wikitext
rain cats and dogs	en/latin/r/rain cats and dogs.55.wikitext
rain dogs and cats	en/latin/r/rain dogs and cats.1665.wikitext
rape	en/latin/r/rape.1830.wikitext
raptor	en/latin/r/raptor.640.wikitext
raven	en/latin/r/raven.73.wikitext
reality	en/latin/r/reality.1995.wikitext
relegate	en/latin/r/relegate.2088.wikitext
religion	en/latin/r/religion.2184.wikitext
remote access	en/latin/r/remote access.307968.wikitext

représentant	en/latin/r/représentant.1838.wikitext
resile	en/latin/r/resile.1809.wikitext
robot	en/latin/r/robot.672.wikitext
rule of thumb	en/latin/r/rule of thumb.472030.wikitext
sabato	en/latin/s/sabato.1922.wikitext
safety valve	en/latin/s/safety valve.1997.wikitext
say	en/latin/s/say.2216.wikitext
scarp	en/latin/s/scarp.2162.wikitext
season	en/latin/s/season.1504.wikitext
second	en/latin/s/second.1737.wikitext
secret	en/latin/s/secret.2039.wikitext
sect	en/latin/s/sect.2331.wikitext
sela	en/latin/s/sela.2054.wikitext
semantics	en/latin/s/semantics.151.wikitext
seme	en/latin/s/seme.1712.wikitext
send	en/latin/s/send.2196.wikitext
servant	en/latin/s/servant.670.wikitext
sesquipedalianism	en/latin/s/sesquipedalianism.206.wikitext
seven	en/latin/s/seven.1564.wikitext
shadowing	en/latin/s/shadowing.2286.wikitext
shapeshift	en/latin/s/shapeshift.1657.wikitext
shrink	en/latin/s/shrink.2292.wikitext
singular	en/latin/s/singular.1987.wikitext
six	en/latin/s/six.1850.wikitext
skill	en/latin/s/skill.2774.wikitext
skillful	en/latin/s/skillful.2773.wikitext
sky	en/latin/s/sky.1572.wikitext
slow	en/latin/s/slow.2159.wikitext
slushpile	en/latin/s/slushpile.1667.wikitext
smiley	en/latin/s/smiley.2928.wikitext
software	en/latin/s/software.2796.wikitext
sole trader	en/latin/s/sole trader.2276.wikitext
sombrinha	en/latin/s/sombrinha.2854.wikitext
sound card	en/latin/s/sound card.2217.wikitext
spacer	en/latin/s/spacer.1719.wikitext
spring	en/latin/s/spring.1510.wikitext
standard	en/latin/s/standard.2713.wikitext
star	en/latin/s/star.1571.wikitext
statutory rape	en/latin/s/statutory rape.2269.wikitext
steganography	en/latin/s/steganography.1788.wikitext
stickiness	en/latin/s/stickiness.2142.wikitext
stock	en/latin/s/stock.2007.wikitext
sub rosa	en/latin/s/sub rosa.1769.wikitext
subjectivism	en/latin/s/subjectivism.1841.wikitext
subsidiarity	en/latin/s/subsidiarity.1835.wikitext
substantive	en/latin/s/substantive.177.wikitext
summer	en/latin/s/summer.1509.wikitext
sun	en/latin/s/sun.1795.wikitext
swap	en/latin/s/swap.165.wikitext
swop	en/latin/s/swop.167.wikitext
synonym	en/latin/s/synonym.148.wikitext
słownik	en/latin/s/słownik.1967.wikitext
tables	en/latin/t/tables.1731.wikitext
tachygraphy	en/latin/t/tachygraphy.1638.wikitext
tadago-pie	en/latin/t/tadago-pie.1648.wikitext
taghairm	en/latin/t/taghairm.1654.wikitext
tago	en/latin/t/tago.1923.wikitext
take	en/latin/t/take.2208.wikitext
take part	en/latin/t/take part.2210.wikitext
tao	en/latin/t/tao.1996.wikitext
tax	en/latin/t/tax.2152.wikitext
te	en/latin/t/te.1530.wikitext
teleport	en/latin/t/teleport.1642.wikitext
ten	en/latin/t/ten.1986.wikitext
tesauro	en/latin/t/tesauro.1924.wikitext
tetrachromat	en/latin/t/tetrachromat.1983.wikitext
the	en/latin/t/the.762.wikitext
thesaurus	en/latin/t/thesaurus.20.wikitext
thou	en/latin/t/thou.2293.wikitext
three	en/latin/t/three.1694.wikitext
tighten	en/latin/t/tighten.1972.wikitext
time	en/latin/t/time.2283.wikitext
today	en/latin/t/today.674.wikitext
trade	en/latin/t/trade.169.wikitext
trade deficit	en/latin/t/trade deficit.2782.wikitext
trade union	en/latin/t/trade union.1774.wikitext
trade wind	en/latin/t/trade wind.178.wikitext
traduko	en/latin/t/traduko.2678.wikitext
transfinite	en/latin/t/transfinite.1833.wikitext
transitive	en/latin/t/transitive.1918.wikitext
transitive verb	en/latin/t/transitive verb.1914.wikitext
translation	en/latin/t/translation.2679.wikitext
transvestite	en/latin/t/transvestite.1553.wikitext
treaty	en/latin/t/treaty.2129.wikitext
trillion	en/latin/t/trillion.1979.wikitext
true name	en/latin/t/true name.1471.wikitext
ttyl	en/latin/t/ttyl.1899.wikitext
turf war	en/latin/t/turf war.511317.wikitext
turkey	en/latin/t/turkey.2760.wikitext
two	en/latin/t/two.1693.wikitext
two-spirit	en/latin/t/two-spirit.536507.wikitext
um	en/latin/u/um.2265.wikitext
umbrella	en/latin/u/umbrella.1777.wikitext
umsonst	en/latin/u/umsonst.42.wikitext
uncountable	en/latin/u/uncountable.1834.wikitext
unemployment	en/latin/u/unemployment.2143.wikitext
urban	en/latin/u/urban.2156.wikitext
van	en/latin/v/van.1523.wikitext
vapourware	en/latin/v/vapourware.2173.wikitext
vecka	en/latin/v/vecka.1885.wikitext
verb	en/latin/v/verb.173.wikitext
vi	en/latin/v/vi.2715.wikitext
viable	en/latin/v/viable.2093.wikitext
vintro	en/latin/v/vintro.2688.wikitext
vivify	en/latin/v/vivify.1798.wikitext
vortaro	en/latin/v/vortaro.2685.wikitext
wage	en/latin/w/wage.2145.wikitext
wakinyan	en/latin/w/wakinyan.513490.wikitext
wall	en/latin/w/wall.2191.wikitext
war	en/latin/w/war.2052.wikitext
wares	en/latin/w/wares.183.wikitext
watchlist	en/latin/w/watchlist.648.wikitext
weapon	en/latin/w/weapon.2006.wikitext
webmaster	en/latin/w/webmaster.2174.wikitext
week	en/latin/w/week.641.wikitext
welcome	en/latin/w/welcome.2635.wikitext
whatever	en/latin/w/whatever.1546.wikitext
white-collar	en/latin/w/white-collar.1779.wikitext
winter	en/latin/w/winter.661.wikitext
wireless	en/latin/w/wireless.2245.wikitext
wolf	en/latin/w/wolf.1568.wikitext
woodwind	en/latin/w/woodwind.1971.wikitext
woordenboek	en/latin/w/woordenboek.39.wikitext
word	en/latin/w/word.45.wikitext
work	en/latin/w/work.2246.wikitext
world	en/latin/w/world.2205.wikitext
y	en/latin/y/y.683.wikitext
year	en/latin/y/year.1729.wikitext
yesterday	en/latin/y/yesterday.2223.wikitext
yo-ho-ho	en/latin/y/yo-ho-ho.1913.wikitext
your mileage may vary	en/latin/y/your mileage may vary.1551.wikitext
yttrandefrihet	en/latin/y/yttrandefrihet.1771.wikitext
zen	en/latin/z/zen.647647.wikitext

zero	en/latin/z/zero.1579.wikitext
zijn	en/latin/z/zijn.1537.wikitext
zomer	en/latin/z/zomer.659.wikitext
zwei	en/latin/z/zwei.1785.wikitext
été	en/latin/é/été.667.wikitext
αετός	en/greek/α/αετός.634.wikitext
οστό	en/greek/ο/οστό.1804.wikitext
σκύλος	en/greek/σ/σκύλος.1807.wikitext
собака	en/cyrillic/с/собака.1880.wikitext
ארץ	en/hebrew/א/ארץ.2112.wikitext
חתול	en/hebrew/ח/חתול.2081.wikitext
יד	en/hebrew/י/יד.2082.wikitext
ידיד	en/hebrew/י/ידיד.2083.wikitext
כלב	en/hebrew/כ/כלב.2041.wikitext
עדשה	en/hebrew/ע/עדשה.2266.wikitext
שבוע	en/hebrew/ש/שבוע.2113.wikitext
विश्व	en/devanagari/व/विश्व.1976.wikitext
ორშაბათი	en/georgian/ო/ორშაბათი.758.wikitext
きれいな	en/hiragana/き/きれいな.590.wikitext
ソ連	en/katakana/ソ/ソ連.2802.wikitext
国	en/cjk/国/国.601.wikitext
大きい	en/cjk/大/大きい.592.wikitext
数	en/cjk/数/数.602.wikitext
明るい	en/cjk/明/明るい.596.wikitext
易しい	en/cjk/易/易しい.591.wikitext
暗い	en/cjk/暗/暗い.588.wikitext
楽しい	en/cjk/楽/楽しい.597.wikitext
汚い	en/cjk/汚/汚い.595.wikitext
犬	en/cjk/犬/犬.598.wikitext
犭	en/cjk/犭/犭.646.wikitext
痛い	en/cjk/痛/痛い.587.wikitext
西	en/cjk/西/西.603.wikitext
車	en/cjk/車/車.604.wikitext
车	en/cjk/车/车.605.wikitext
酉	en/cjk/酉/酉.650.wikitext
重い	en/cjk/重/重い.589.wikitext
長い	en/cjk/長/長い.593.wikitext
馬	en/cjk/馬/馬.599.wikitext
马	en/cjk/马/马.671.wikitext
高い	en/cjk/高/高い.594.wikitext
